{
  "generated": "2026-01-15T14:56:44.935377",
  "system": "DF-17 Hypersonic Glide Vehicle",
  "guidance": "Beidou-3 + Terminal Seeker",
  "cueing": "KJ-500/KJ-2000 AWACS",
  "targets": {
    "USS Gerald R. Ford (CVN-78)": {
      "target_type": "carrier_strike_group",
      "range_km": 1000.0,
      "single_pk": 0.37198020137955645,
      "optimal_salvo": 7,
      "salvo_pk": 0.9109853797291503,
      "time_of_flight_s": 124.0,
      "optimal_dive_angle": 35.0,
      "kill_chain": {
        "p_awacs_track": 0.8919,
        "p_launch_success": 0.98,
        "p_beidou_guidance": 0.9464028407771926,
        "p_terminal_acquire": 0.833,
        "p_defense_penetration": 0.6313794380269457,
        "p_hit": 0.8999999999942481,
        "p_kill_given_hit": 0.95
      }
    },
    "Nimitz Class CVN": {
      "target_type": "carrier_strike_group",
      "range_km": 1000.0,
      "single_pk": 0.4095818898888085,
      "optimal_salvo": 6,
      "salvo_pk": 0.9066276011891307,
      "time_of_flight_s": 124.0,
      "optimal_dive_angle": 35.0,
      "kill_chain": {
        "p_awacs_track": 0.8919,
        "p_launch_success": 0.98,
        "p_beidou_guidance": 0.9464028407771926,
        "p_terminal_acquire": 0.833,
        "p_defense_penetration": 0.6952025470889517,
        "p_hit": 0.8999999999882671,
        "p_kill_given_hit": 0.95
      }
    },
    "THAAD Battery": {
      "target_type": "thaad_battery",
      "range_km": 800.0,
      "single_pk": 0.03624747307202115,
      "optimal_salvo": 12,
      "salvo_pk": 0.2747293399300952,
      "time_of_flight_s": 109.0,
      "optimal_dive_angle": 60.0,
      "kill_chain": {
        "p_awacs_track": 0.98,
        "p_launch_success": 0.98,
        "p_beidou_guidance": 0.9962135166075712,
        "p_terminal_acquire": 0.9016000000000001,
        "p_defense_penetration": 0.6833515755631827,
        "p_hit": 0.0709058502604295,
        "p_kill_given_hit": 0.867227382716513
      }
    },
    "Aegis Ashore (Romania/Poland type)": {
      "target_type": "aegis_ashore",
      "range_km": 800.0,
      "single_pk": 0.29144389308006075,
      "optimal_salvo": 10,
      "salvo_pk": 0.9191403248738739,
      "time_of_flight_s": 109.0,
      "optimal_dive_angle": 60.0,
      "kill_chain": {
        "p_awacs_track": 0.98,
        "p_launch_success": 0.98,
        "p_beidou_guidance": 0.9962135166075712,
        "p_terminal_acquire": 0.9016000000000001,
        "p_defense_penetration": 0.5503759491096254,
        "p_hit": 0.9138363314211333,
        "p_kill_given_hit": 0.67175144212722
      }
    },
    "Hardened Aircraft Shelter": {
      "target_type": "airbase_hardened",
      "range_km": 800.0,
      "single_pk": 0.1453532882631424,
      "optimal_salvo": 12,
      "salvo_pk": 0.7449979649663301,
      "time_of_flight_s": 109.0,
      "optimal_dive_angle": 60.0,
      "kill_chain": {
        "p_awacs_track": 0.98,
        "p_launch_success": 0.98,
        "p_beidou_guidance": 0.9962135166075712,
        "p_terminal_acquire": 0.9016000000000001,
        "p_defense_penetration": 0.8027989600352663,
        "p_hit": 0.6249150207478453,
        "p_kill_given_hit": 0.33587572106361
      }
    },
    "Airbase Runway/Taxiway": {
      "target_type": "airbase_soft",
      "range_km": 800.0,
      "single_pk": 0.6578833434064827,
      "optimal_salvo": 3,
      "salvo_pk": 0.9237889182774518,
      "time_of_flight_s": 109.0,
      "optimal_dive_angle": 60.0,
      "kill_chain": {
        "p_awacs_track": 0.98,
        "p_launch_success": 0.98,
        "p_beidou_guidance": 0.9962135166075712,
        "p_terminal_acquire": 0.9016000000000001,
        "p_defense_penetration": 0.8027989600352663,
        "p_hit": 1.0,
        "p_kill_given_hit": 0.95
      }
    }
  },
  "summary": {
    "targets_analyzed": 6,
    "average_single_pk": 0.3187483481816787,
    "max_pk": 0.6578833434064827,
    "max_pk_target": "Airbase Runway/Taxiway",
    "min_pk": 0.03624747307202115,
    "min_pk_target": "THAAD Battery",
    "key_findings": [
      "DF-17 achieves average single-shot Pk of 31.9% across all targets",
      "Highest Pk: 65.8% against Airbase Runway/Taxiway",
      "Lowest Pk: 3.6% against THAAD Battery",
      "Moving targets (carriers) require larger salvos due to prediction uncertainty",
      "Hardened targets require multiple hits for assured destruction",
      "Beidou constellation provides reliable midcourse updates (99.5% availability)",
      "Terminal Mach 5+ severely degrades interceptor effectiveness",
      "Cross-range maneuver capability allows attack from unexpected angles"
    ],
    "recommendations": [
      "Use 4-6 missile salvos against carrier strike groups",
      "Time attacks to minimize CSG reaction time",
      "Coordinate with EW assets to degrade Aegis radar",
      "Pre-position reconnaissance for real-time target updates",
      "Maintain Beidou signal integrity during conflict"
    ],
    "limitations": [
      "Terminal seeker performance against moving targets uncertain",
      "Defense capabilities may exceed open-source estimates",
      "Electronic warfare effects not fully modeled",
      "Actual CEP classified - estimates from open sources",
      "Multi-layer defense coordination not fully modeled"
    ],
    "awacs_platform": "KJ-500",
    "beidou_availability": 0.995
  }
}